model,cold_period,CBIQ,IL_@0.98 Baseline,IL_@0.98 FE-UCB,coldCL@0.98 Baseline,coldCL@0.98 FE-UCB,CL_@0.98 Baseline,CL_@0.98 FE-UCB,Experiment
catboost,0,1.1691051848777283,48896.69322021227,64874.23454293202,2226.866581980364,2881.1073836102046,224950.17385019505,225172.5365937183,1
catboost,10,1.179481858116288,67744.51194515155,85217.23366842075,2646.4705175346176,3318.2365221160794,224950.17385019505,225159.0115716335,1
catboost,100,1.4250631247622012,283025.9932556654,317157.50451801426,7818.107925671056,8749.792385378056,224950.17385019505,224932.47449802823,1
catboost,200,1.5530420947044377,519322.62874613085,574903.3850034458,14658.908276754972,15980.66773749257,224950.17385019505,224602.17817484395,1
catboost,500,1.4388986890802808,1115142.1177197697,1213833.95259717,33832.31752349219,36090.347401620835,224950.17385019505,223883.5734146267,1
catboost,0,1.2439464438324943,62891.622682514295,84286.82799303511,2855.1725046262327,3733.221334778485,223970.2407787325,224252.73127768168,2
catboost,10,1.291425315734498,83217.72718829093,106308.54493442824,3309.6168239813874,4209.686744465536,223970.2407787325,224238.8295615824,2
catboost,100,1.4370271895673092,295757.4078983144,335931.43707436457,8590.359548008884,9750.042252513633,223970.2407787325,224012.18938316425,2
catboost,200,1.5034976102301143,523483.7809427751,584756.0546554043,14990.1595715884,16520.6220926175,223970.2407787325,223674.9005146242,2
catboost,500,1.4908365777229131,1102298.4182940891,1205951.6121825709,33415.030694191504,35823.36330736347,223970.2407787325,222918.45535326377,2
catboost,0,1.0215551441417614,42304.96312921285,57898.19845282818,1789.1664345666472,2377.9069828846286,220922.61691893137,221087.86760234408,3
catboost,10,1.0645331922771752,61810.138792366386,79321.19758142003,2220.7131159427363,2841.203385677241,220922.61691893137,221079.22085585067,3
catboost,100,1.2728114255487966,279962.2265781815,316845.9902892399,7323.111198225145,8246.124346848865,220922.61691893137,220839.6546899101,3
catboost,200,1.438111610685004,517131.68588922574,578029.9594209964,13894.079936471657,15284.781241040168,220922.61691893137,220499.6621179733,3
catboost,500,1.4050515736577625,1120250.1256946218,1227983.0729395377,32537.139676728748,34894.34094939544,220922.61691893137,219738.2146554955,3
catboost,0,0.9297595699861988,50068.56395291794,66478.05393998891,2257.7347401302354,2912.653585846492,214676.76810145355,214875.7078478897,4
catboost,10,0.955182683228009,71932.13451872914,90205.3633174948,2798.5936079040016,3475.9135088504145,214676.76810145355,214856.3578542638,4
catboost,100,1.194886322365076,282690.3758801589,318554.64103740273,8001.529034742915,8950.130176451095,214676.76810145355,214611.8671302115,4
catboost,200,1.3982712282995569,506896.24565373344,564516.6355919165,14443.038183056911,15808.044091281865,214676.76810145355,214293.49963544667,4
catboost,500,1.3256337618943852,1073197.4189182974,1174079.2803557245,32574.394036049027,34867.75998557096,214676.76810145355,213618.2078407377,4
catboost,0,2.666983222538778,39017.068716908565,58597.73375655021,1720.420517222572,2460.329872738852,197455.3014053968,197572.48954374177,5
catboost,10,2.714466603355492,59579.445151344655,80678.28712568677,2233.706844157108,2994.4336083358635,197455.3014053968,197564.1699321638,5
catboost,100,2.951883507439063,255218.77868217943,292546.5679117338,6945.808929027992,7961.59766933999,197455.3014053968,197348.35152444773,5
catboost,200,3.1497309275087053,462220.62256966624,520353.32760970306,12872.196286485305,14267.33628410892,197455.3014053968,197048.83445892617,5
catboost,500,3.1418170307059197,982937.9462051932,1081488.5205484924,29527.729091024907,31828.068947178857,197455.3014053968,196468.61799214175,5
catboost,0,0.9523809523809524,45772.05942674237,61450.48648449437,2076.3560900850034,2689.5380087522035,194812.26373026977,194975.3656795004,6
catboost,10,0.9833526906697638,64487.53783283929,81440.39475981034,2583.6974197618356,3216.0034998762585,194812.26373026977,194968.2856696474,6
catboost,100,1.2117692605497483,238380.47627408648,269804.3900435996,7004.577369238834,7875.490068246162,194812.26373026977,194778.7786601701,6
catboost,200,1.3124274099883857,426185.0026436365,476289.6213477595,12465.99574445669,13718.658820469613,194812.26373026977,194519.1196779137,6
catboost,500,1.3201703445605886,913318.84035293,1000938.246478218,28297.00566451571,30388.477022533287,194812.26373026977,193949.0272441621,6
catboost,0,0.5285605882199021,48947.35517630751,62977.87914302079,2172.2536732376147,2721.8100985784454,213558.85246090184,213738.06920530568,7
catboost,10,0.5494936808226706,72211.5814519763,87706.30248115228,2780.949607674744,3345.284129395995,213558.85246090184,213721.9165787656,7
catboost,100,0.7405081508229322,352942.77383031964,389205.0630919823,9905.71931788806,10795.499079611243,213558.85246090184,213401.16162238823,7
catboost,200,0.8033074286312374,680637.511500852,742625.498933752,19522.232504076903,20887.58439938489,213558.85246090184,212965.8894921088,7
catboost,500,0.7169584216448177,1440082.4891903135,1542961.6853140066,44540.41413322805,46706.22230195626,213558.85246090184,212105.3573567403,7
catboost,0,1.1723542509201617,45589.19520147504,60236.6207850646,1982.641737108764,2557.3379109873895,183203.19749718343,183362.17542236217,8
catboost,10,1.1996183032671424,65612.68492607531,82099.28301076363,2437.034624173258,3039.6457469205266,183203.19749718343,183349.13114820345,8
catboost,100,1.3450265824510383,313302.48757775297,349960.03959550563,8525.321998922662,9453.990751583531,183203.19749718343,183037.0176009592,8
catboost,200,1.499522879083928,579252.348912897,635597.6661020813,16156.853947886124,17465.674022687075,183203.19749718343,182683.39158691664,8
catboost,500,1.3086745126550643,1167814.3630633664,1254082.243147424,35603.070776428554,37536.605497085635,183203.19749718343,182042.02134052425,8
catboost,0,1.0871967118928714,43762.45186162266,56860.92731833924,1932.7079029976944,2454.4253269184424,176081.5414033601,176235.07198637718,9
catboost,10,1.1092942060370354,68172.68984157387,83207.95633071316,2583.325607397245,3128.7867029927265,176081.5414033601,176216.28188414717,9
catboost,100,1.3125911521633449,303953.75702964613,339107.6568295348,8355.332849145016,9226.470474638085,176081.5414033601,175916.5075880521,9
catboost,200,1.3788836345958368,542934.6142365694,596581.9765009318,15127.232305704092,16366.149049954716,176081.5414033601,175611.67293893974,9
catboost,500,1.3391081451363416,1088603.957462106,1171131.8840384174,32687.806846457355,34553.31313957795,176081.5414033601,175034.60405724242,9
catboost,0,0.8802130700272833,56544.71967897653,74412.5842997184,2579.4085411486753,3293.604564185357,218197.42158070204,218416.71771139355,10
catboost,10,0.9159412758217488,80848.93795322799,100750.52832768184,3202.1421213724934,3949.633838731951,218197.42158070204,218399.40511441423,10
catboost,100,1.1270624918799532,351479.5092463446,395148.5185926476,9788.612124740714,10961.036746346945,218197.42158070204,218073.82434634515,10
catboost,200,1.1887748473431208,632067.0394496573,698338.9970085464,17883.784817301374,19518.01750975452,218197.42158070204,217718.15492979836,10
catboost,500,1.0848382486683124,1285944.8335139717,1388346.313100023,39156.79750480244,41583.79822448137,218197.42158070204,217030.16547333545,10
catboost,0,1.064148182634432,52908.01466638185,71172.49980125949,2348.6096333722135,3065.0671373200394,216451.03122364663,216667.9023153716,11
catboost,10,1.097402813341758,77168.03582497934,97941.50415418576,2923.9506339075997,3670.9437590195616,216451.03122364663,216648.36524927415,11
catboost,100,1.3501380067174351,370998.7174892019,416582.9765151498,10039.646540943895,11162.582306772212,216451.03122364663,216299.03079051003,11
catboost,200,1.3966944897076918,663323.9110832904,731248.2831685824,18271.179026046066,19806.624341159983,216451.03122364663,215926.65839325616,11
catboost,500,1.2670014299491204,1327770.0436718147,1430952.1594124062,39402.80137106952,41687.684967117544,216451.03122364663,215253.68531991012,11
catboost,0,1.572039072039072,46022.5838741864,62967.273308065865,1980.8823913898675,2608.747457748527,217184.7041693534,217356.40954568877,12
catboost,10,1.636904761904762,72420.18063373277,91758.33437816487,2595.721985324958,3251.391971768221,217184.7041693534,217335.9582952832,12
catboost,100,1.8238705738705736,369226.1063273219,412332.0742976628,9780.328508555564,10782.810303014046,217184.7041693534,216968.3743451936,12
catboost,200,1.8925518925518925,663046.0475641661,729199.2950597663,18254.351942445388,19694.04244370306,217184.7041693534,216593.616408103,12
catboost,500,1.816239316239316,1329809.7904871667,1432719.2458715113,39455.04877138299,41629.83771687015,217184.7041693534,215874.34870899204,12
catboost,0,1.4121766193347598,50487.55921932026,68976.66730759396,2310.4798212188757,3045.622614095642,205799.55229475885,206001.03606088815,13
catboost,10,1.4627504376580431,74201.91770051791,94882.0058869163,2825.931858963276,3589.8025217311333,205799.55229475885,205983.6762668769,13
catboost,100,1.6572651235168254,347303.16220582544,391305.7878064117,9260.338091902318,10403.659121387363,205799.55229475885,205654.68147321837,13
catboost,200,1.696168060688582,619924.5313626695,686339.2608314737,16934.243520492077,18493.06878325401,205799.55229475885,205274.92866761787,13
catboost,500,1.6222524800622449,1244724.9005673567,1346888.177130808,36937.32982067422,39256.45348391416,205799.55229475885,204595.87615761772,13
catboost,0,2.632782930582706,69351.74287253832,96544.07336232136,3180.312782857695,4280.462248336282,193729.85004083964,194007.3107137034,14
catboost,10,2.6743750779852764,86781.24331173649,115650.3481731412,3483.7205418348844,4601.2452303985065,193729.85004083964,193990.4110108528,14
catboost,100,2.8407436675955577,315867.3372919443,364309.2140199502,8595.822016734337,10017.494199373,193729.85004083964,193689.86519447892,14
catboost,200,2.836584452855301,555861.3676615634,624737.5976700425,15379.985781406776,17220.986357338956,193729.85004083964,193366.37269781827,14
catboost,500,2.512165703115252,1122334.2633124187,1224223.2589142115,33562.443655424766,36115.5713116,193729.85004083964,192765.1025113858,14
catboost,0,2.098141320460679,72068.90564522667,99179.15564084316,3277.228847876877,4360.106573774049,197878.24220018627,198154.28490692787,15
catboost,10,2.147554068949789,89050.21134521459,117645.78884759027,3576.5152742754995,4683.497859271086,197878.24220018627,198146.7025599726,15
catboost,100,2.314797217682162,322211.0763282165,367998.2286497096,8951.344739924005,10310.726334317036,197878.24220018627,197870.23067066327,15
catboost,200,2.3185981983351707,566708.6292206822,632229.2474932726,15838.360399256162,17544.87131374003,197878.24220018627,197506.9843957046,15
catboost,500,2.113345243072713,1140890.706305358,1240836.5295643038,34575.10460680655,36996.67090559447,197878.24220018627,196823.93036746015,15
catboost,0,1.926056338028169,80302.22153365867,107179.85639425385,3745.520824139294,4876.8884250139845,212691.55113783473,213030.9136491422,16
catboost,10,1.943661971830986,96538.63425490684,124726.36137299491,4044.7603957860633,5192.2445986756575,212691.55113783473,213018.6140041547,16
catboost,100,2.1232394366197185,329453.95049462764,377080.850701868,9397.15058661572,10847.705951664671,212691.55113783473,212699.73164688135,16
catboost,200,2.2288732394366195,580215.6276971286,650945.0724987725,16665.004997303564,18574.485680742397,212691.55113783473,212296.04273076917,16
catboost,500,2.038732394366197,1178935.9730281066,1288029.439609334,36330.61888765323,39131.98617608896,212691.55113783473,211556.34530347513,16
catboost,0,1.4920578261645547,75154.6075270587,99808.44444409377,3380.249086164498,4361.951905008925,215267.5305246629,215553.3719269679,17
catboost,10,1.531322505800464,95493.74657810386,121975.6209214556,3764.931525260011,4774.449922015316,215267.5305246629,215539.61249913432,17
catboost,100,1.7276459039800107,358479.30606212403,406315.7292600793,9687.287801729535,11020.672995642912,215267.5305246629,215215.80726152597,17
catboost,200,1.799036230590755,627713.432751951,697073.1743837241,17070.801191197177,18813.8631447922,215267.5305246629,214857.478679665,17
catboost,500,1.6098518650722826,1256225.138982453,1362311.9385207996,36853.48788505933,39363.84404567692,215267.5305246629,214137.8445834009,17
catboost,0,1.6871767433565186,79016.52642879274,106111.87912793052,3453.109535630876,4520.327778821646,214853.93824678948,215180.74155070903,18
catboost,10,1.751382200820403,100664.91192660671,129651.65505667728,3879.0795342113383,4975.516859236862,214853.93824678948,215167.36274575823,18
catboost,100,1.9083288746210096,364535.5891016239,414377.3562485645,9883.48397952922,11308.991238807974,214853.93824678948,214848.19008786615,18
catboost,200,1.8976279650436951,634815.8373893404,706415.1324011369,17437.87538577382,19247.48171617645,214853.93824678948,214446.14401893527,18
catboost,500,1.7299803816657748,1266071.573358416,1374823.8073778728,37772.88176565819,40455.46547301465,214853.93824678948,213820.764146421,18
catboost,0,2.220485309269194,79669.49994292758,109536.99744795314,3535.3347821420916,4740.781047164226,206688.52433741404,207034.4081509671,19
catboost,10,2.2631186272071626,101034.8043795748,132616.42030046062,3982.3969434811006,5214.541256318797,206688.52433741404,207026.44069344533,19
catboost,100,2.40167691050556,357857.6313974579,408202.38010016835,9889.259880891404,11405.467160528007,206688.52433741404,206732.6379053685,19
catboost,200,2.4478630049383594,619644.6907789097,690413.5502283776,17185.82522505356,19078.738188385807,206688.52433741404,206388.12780387647,19
catboost,500,2.256013074217501,1231520.088443322,1337285.952974767,36949.59919547014,39592.49143694224,206688.52433741404,205730.07995306613,19
catboost,0,2.134229761951296,83723.6071196357,114643.50366059878,3627.0761082507743,4839.373656594728,205591.2648912093,205934.48704134577,20
catboost,10,2.169409373412031,106916.94064790753,139995.71354533595,4047.3473118425504,5287.049104064595,205591.2648912093,205918.23770449273,20
catboost,100,2.3687605050228666,371238.46676205355,425629.8612905386,9821.516878626631,11373.585421718051,205591.2648912093,205608.50247366176,20
catboost,200,2.3804870421764455,639178.7843857501,715050.9436942714,17172.522849359044,19092.316280094492,205591.2648912093,205247.8909121212,20
catboost,500,2.2319509048977837,1264283.2963117396,1374671.3137592357,36761.80746581099,39402.972263626674,205591.2648912093,204604.1736067918,20
catboost,0,1.5849056603773586,75356.17135189023,100492.37552170244,3286.4914642106987,4273.1278273763055,196885.38075831777,197199.1101402357,21
catboost,10,1.624627606752731,96851.19382077252,123851.45524551092,3662.6122058286346,4674.267992286362,196885.38075831777,197182.33190676023,21
catboost,100,1.791459781529295,345464.8455981225,390897.804344693,9189.859798523885,10463.369737349843,196885.38075831777,196909.8424421616,21
catboost,200,1.8311817279046672,597992.249669816,662900.6846232002,16220.477332245986,17883.719087310044,196885.38075831777,196620.85774230352,21
catboost,500,1.739821251241311,1190129.3034163672,1289118.5069929091,35103.87733649731,37465.643846933795,196885.38075831777,195989.48704744887,21
